epoch,time,train/box_loss,train/seg_loss,train/cls_loss,train/dfl_loss,train/sem_loss,metrics/precision(B),metrics/recall(B),metrics/mAP50(B),metrics/mAP50-95(B),metrics/precision(M),metrics/recall(M),metrics/mAP50(M),metrics/mAP50-95(M),val/box_loss,val/seg_loss,val/cls_loss,val/dfl_loss,val/sem_loss,lr/pg0,lr/pg1,lr/pg2
1,49.9667,0.57871,0.85232,0.6026,0.8949,0,0.92257,0.8871,0.96049,0.81143,0.83498,0.79575,0.81072,0.50871,0.62367,4.50423,0.59659,0.94016,0,0.000550749,0.000550749,0.000550749
2,83.0551,0.52836,0.7613,0.33712,0.87131,0,0.98285,0.99162,0.99488,0.86277,0.9798,0.98877,0.99253,0.77993,0.55607,0.83521,0.39479,0.90974,0,0.00109546,0.00109546,0.00109546
3,127.395,0.52204,0.7404,0.3343,0.87037,0,0.99797,1,0.99491,0.85372,0.99797,1,0.99491,0.76156,0.53131,0.92525,0.27755,0.88208,0,0.00162917,0.00162917,0.00162917
4,164.373,0.47775,0.69763,0.30649,0.85688,0,0.98928,0.99305,0.99493,0.86757,0.98928,0.99305,0.99493,0.80387,0.52747,0.80546,0.27012,0.88471,0,0.00161749,0.00161749,0.00161749
5,207.462,0.44167,0.66434,0.27885,0.84652,0,0.99786,1,0.995,0.86206,0.99786,1,0.995,0.80236,0.52627,0.80314,0.25302,0.87967,0,0.00160099,0.00160099,0.00160099
6,245.117,0.41778,0.60174,0.26933,0.83998,0,0.99992,1,0.995,0.88692,0.99992,1,0.995,0.81113,0.46937,0.74673,0.26587,0.8538,0,0.00158448,0.00158448,0.00158448
7,288.394,0.40152,0.57846,0.25765,0.83293,0,0.99995,1,0.995,0.89443,0.99995,1,0.995,0.81559,0.45449,0.75841,0.23246,0.8523,0,0.00156798,0.00156798,0.00156798
8,331.257,0.37548,0.55095,0.24135,0.82966,0,0.99997,1,0.995,0.88163,0.99997,1,0.995,0.80822,0.4755,0.79319,0.22705,0.85946,0,0.00155148,0.00155148,0.00155148
9,368.854,0.36146,0.52758,0.23603,0.82757,0,0.99984,1,0.995,0.88933,0.99984,1,0.995,0.80975,0.47217,0.79396,0.21683,0.85621,0,0.00153497,0.00153497,0.00153497
10,406.081,0.34237,0.49701,0.22531,0.82292,0,0.99855,1,0.995,0.88571,0.99855,1,0.995,0.80269,0.47122,0.81652,0.20973,0.85762,0,0.00151847,0.00151847,0.00151847
11,443.448,0.32749,0.476,0.21709,0.81932,0,0.99997,1,0.995,0.8811,0.99997,1,0.995,0.81418,0.47137,0.81506,0.20302,0.86044,0,0.00150197,0.00150197,0.00150197
12,481.311,0.31242,0.44835,0.20646,0.8162,0,0.99994,1,0.995,0.88935,0.99994,1,0.995,0.80441,0.46919,0.94448,0.20276,0.86218,0,0.00148546,0.00148546,0.00148546
13,518.48,0.29657,0.42978,0.20109,0.81433,0,0.99095,0.99154,0.99499,0.87592,0.99095,0.99154,0.99499,0.80258,0.50771,1.09133,0.23013,0.87569,0,0.00146896,0.00146896,0.00146896
14,555.749,0.28523,0.40574,0.2008,0.81163,0,0.99996,1,0.995,0.89556,0.99996,1,0.995,0.79119,0.45662,1.04576,0.20369,0.85426,0,0.00145246,0.00145246,0.00145246
15,594.018,0.27417,0.38253,0.19199,0.81109,0,0.99993,1,0.995,0.89871,0.99993,1,0.995,0.81478,0.43844,0.93454,0.19064,0.847,0,0.00143595,0.00143595,0.00143595
16,638.066,0.26484,0.37423,0.18631,0.80841,0,0.99725,0.99923,0.995,0.89718,0.99725,0.99923,0.995,0.80078,0.44819,1.13602,0.20031,0.85726,0,0.00141945,0.00141945,0.00141945
17,675.532,0.26403,0.36671,0.18627,0.80939,0,0.99994,1,0.995,0.89072,0.99994,1,0.995,0.79996,0.46317,1.18718,0.19803,0.86018,0,0.00140295,0.00140295,0.00140295
18,712.926,0.2535,0.35678,0.17805,0.80512,0,0.99785,1,0.99499,0.88882,0.99785,1,0.99499,0.81099,0.46001,1.01719,0.1965,0.86146,0,0.00138644,0.00138644,0.00138644
19,750.566,0.24138,0.32879,0.17648,0.80279,0,0.99746,0.99848,0.99499,0.89187,0.99746,0.99848,0.99499,0.80444,0.46536,1.18352,0.19559,0.86642,0,0.00136994,0.00136994,0.00136994
20,788.366,0.23617,0.32,0.17482,0.80227,0,0.99997,1,0.995,0.8871,0.99997,1,0.995,0.79466,0.477,1.18516,0.1965,0.871,0,0.00135344,0.00135344,0.00135344
21,825.576,0.22966,0.30921,0.1696,0.80271,0,0.99957,1,0.995,0.89222,0.99957,1,0.995,0.80675,0.46048,1.23092,0.18962,0.86,0,0.00133693,0.00133693,0.00133693
22,863.837,0.22514,0.29789,0.16891,0.80172,0,0.99991,1,0.995,0.89167,0.99991,1,0.995,0.80317,0.4593,1.28131,0.1918,0.8632,0,0.00132043,0.00132043,0.00132043
23,901.619,0.21957,0.29136,0.16352,0.80074,0,0.99992,1,0.995,0.89432,0.99992,1,0.995,0.80427,0.45179,1.25446,0.18513,0.85941,0,0.00130393,0.00130393,0.00130393
24,939.378,0.21776,0.28815,0.16413,0.80185,0,0.99995,1,0.995,0.89309,0.99995,1,0.995,0.81056,0.45597,1.18044,0.18811,0.86117,0,0.00128742,0.00128742,0.00128742
25,976.795,0.21094,0.27274,0.15775,0.79855,0,0.99996,1,0.995,0.8965,0.99996,1,0.995,0.81162,0.45336,1.26998,0.18616,0.86144,0,0.00127092,0.00127092,0.00127092
26,1015.04,0.20627,0.27802,0.15497,0.79937,0,0.99984,1,0.995,0.89653,0.99984,1,0.995,0.81104,0.44778,1.23656,0.1885,0.85942,0,0.00125442,0.00125442,0.00125442
27,1053.08,0.20137,0.26212,0.15631,0.79653,0,0.99957,1,0.995,0.89119,0.99957,1,0.995,0.79912,0.46553,1.39312,0.18757,0.86882,0,0.00123791,0.00123791,0.00123791
28,1091.01,0.20104,0.26012,0.15715,0.79786,0,0.99482,0.99963,0.99495,0.89142,0.99482,0.99963,0.99495,0.80923,0.46799,1.3312,0.19384,0.86689,0,0.00122141,0.00122141,0.00122141
29,1128.65,0.19528,0.246,0.15117,0.79501,0,0.99997,1,0.995,0.89485,0.99997,1,0.995,0.81289,0.45461,1.26187,0.18886,0.86184,0,0.00120491,0.00120491,0.00120491
30,1166.13,0.18864,0.24282,0.14505,0.79559,0,0.99866,0.99932,0.995,0.89426,0.99866,0.99932,0.995,0.80977,0.45764,1.33035,0.18789,0.8634,0,0.0011884,0.0011884,0.0011884
31,1203.57,0.18799,0.2432,0.14288,0.79449,0,0.99048,0.99871,0.995,0.89283,0.99048,0.99871,0.995,0.80617,0.45414,1.33377,0.1858,0.86219,0,0.0011719,0.0011719,0.0011719
32,1242.29,0.18678,0.23371,0.14323,0.79589,0,0.99907,1,0.995,0.88435,0.99907,1,0.995,0.80354,0.48329,1.27176,0.18773,0.87817,0,0.0011554,0.0011554,0.0011554
33,1280.53,0.18824,0.23681,0.14471,0.79593,0,0.99991,1,0.995,0.89664,0.99991,1,0.995,0.80842,0.44846,1.34437,0.17712,0.86246,0,0.00113889,0.00113889,0.00113889
34,1318.33,0.17724,0.22707,0.14104,0.79698,0,0.9999,1,0.995,0.89294,0.9999,1,0.995,0.81671,0.4582,1.23202,0.18368,0.86177,0,0.00112239,0.00112239,0.00112239
35,1355.84,0.18209,0.22834,0.14555,0.79378,0,0.99938,0.99985,0.995,0.89333,0.99938,0.99985,0.995,0.80438,0.46228,1.38282,0.18308,0.86569,0,0.00110589,0.00110589,0.00110589
36,1393.4,0.17372,0.22211,0.13818,0.79499,0,0.98834,0.99939,0.995,0.89403,0.98834,0.99939,0.995,0.80521,0.45594,1.55133,0.18948,0.86832,0,0.00108938,0.00108938,0.00108938
37,1431.22,0.17343,0.21529,0.13818,0.79479,0,0.95895,0.99105,0.99435,0.89238,0.95895,0.99105,0.99435,0.80698,0.46635,1.5058,0.21037,0.86976,0,0.00107288,0.00107288,0.00107288
38,1468.68,0.17198,0.21577,0.13702,0.79262,0,0.99995,1,0.995,0.89446,0.99995,1,0.995,0.80228,0.461,1.44916,0.18308,0.86534,0,0.00105638,0.00105638,0.00105638
39,1506.05,0.16355,0.20696,0.13119,0.79326,0,0.99995,1,0.995,0.89969,0.99995,1,0.995,0.81168,0.44159,1.39952,0.17347,0.85716,0,0.00103987,0.00103987,0.00103987
40,1543.04,0.16317,0.2043,0.1307,0.7919,0,0.98988,0.99304,0.99497,0.88981,0.98988,0.99304,0.99497,0.8026,0.47183,1.55898,0.19831,0.87761,0,0.00102337,0.00102337,0.00102337
41,1580.53,0.16583,0.20751,0.13235,0.79135,0,0.99979,1,0.995,0.89644,0.99979,1,0.995,0.80094,0.46052,1.45868,0.17853,0.86819,0,0.00100687,0.00100687,0.00100687
42,1618.46,0.15893,0.19682,0.12937,0.79148,0,0.99909,0.99969,0.995,0.8939,0.99909,0.99969,0.995,0.80316,0.46667,1.45321,0.18499,0.86897,0,0.000990365,0.000990365,0.000990365
43,1655.76,0.1608,0.19865,0.13153,0.79196,0,0.99993,1,0.995,0.89524,0.99993,1,0.995,0.80641,0.46702,1.42973,0.17734,0.87109,0,0.000973861,0.000973861,0.000973861
44,1693.3,0.15803,0.19419,0.1293,0.79128,0,0.99989,1,0.995,0.89259,0.99989,1,0.995,0.80913,0.46834,1.47267,0.17954,0.87203,0,0.000957358,0.000957358,0.000957358
45,1730.8,0.15663,0.19612,0.12688,0.79217,0,0.99988,1,0.995,0.89248,0.99988,1,0.995,0.80417,0.46343,1.44428,0.17598,0.86788,0,0.000940855,0.000940855,0.000940855
46,1768.13,0.155,0.19257,0.12637,0.79056,0,0.99993,1,0.995,0.89644,0.99993,1,0.995,0.81291,0.4623,1.41624,0.17618,0.86835,0,0.000924352,0.000924352,0.000924352
47,1805.59,0.15221,0.18864,0.12427,0.79186,0,0.99991,1,0.995,0.89632,0.99991,1,0.995,0.8075,0.45396,1.43898,0.17262,0.86664,0,0.000907848,0.000907848,0.000907848
48,1842.87,0.1497,0.18659,0.12416,0.79124,0,0.99993,1,0.995,0.89073,0.99993,1,0.995,0.79917,0.4678,1.50111,0.18002,0.87397,0,0.000891345,0.000891345,0.000891345
49,1880.57,0.14911,0.18519,0.12227,0.79098,0,0.99964,1,0.995,0.89667,0.99964,1,0.995,0.8124,0.45114,1.42555,0.17501,0.86255,0,0.000874842,0.000874842,0.000874842
50,1918.88,0.14946,0.18245,0.1241,0.7902,0,0.99976,1,0.995,0.8986,0.99976,1,0.995,0.8155,0.44389,1.49114,0.17107,0.86132,0,0.000858338,0.000858338,0.000858338
51,1963.18,0.14806,0.17982,0.12327,0.79142,0,0.99838,0.99996,0.995,0.89382,0.99838,0.99996,0.995,0.81051,0.45605,1.56462,0.17552,0.86813,0,0.000841835,0.000841835,0.000841835
52,2000.78,0.14567,0.17872,0.12078,0.79055,0,0.99944,1,0.995,0.89229,0.99944,1,0.995,0.81104,0.46183,1.50518,0.17396,0.87134,0,0.000825332,0.000825332,0.000825332
53,2037.89,0.14432,0.17469,0.11808,0.78871,0,0.99996,1,0.995,0.89795,0.99996,1,0.995,0.80707,0.45569,1.49162,0.17066,0.86433,0,0.000808828,0.000808828,0.000808828
54,2075.35,0.13903,0.17186,0.11627,0.79009,0,0.99954,1,0.995,0.89636,0.99954,1,0.995,0.80618,0.44906,1.63294,0.17349,0.86553,0,0.000792325,0.000792325,0.000792325
55,2112.59,0.14085,0.17193,0.11555,0.78965,0,0.99676,1,0.995,0.899,0.99676,1,0.995,0.80648,0.43708,1.57424,0.16982,0.86005,0,0.000775822,0.000775822,0.000775822
56,2150.54,0.13737,0.16554,0.1162,0.79044,0,0.99946,0.99993,0.995,0.89421,0.99946,0.99993,0.995,0.80348,0.46407,1.67834,0.17713,0.87074,0,0.000759318,0.000759318,0.000759318
57,2187.96,0.13771,0.16834,0.11768,0.78908,0,0.99991,1,0.995,0.90017,0.99991,1,0.995,0.81008,0.44883,1.51873,0.17013,0.86483,0,0.000742815,0.000742815,0.000742815
58,2225.25,0.1337,0.1663,0.11065,0.7884,0,0.99793,1,0.995,0.89876,0.99793,1,0.995,0.80804,0.4482,1.47436,0.1698,0.8653,0,0.000726312,0.000726312,0.000726312
59,2262.77,0.13416,0.16678,0.11215,0.78769,0,0.99911,1,0.995,0.89718,0.99911,1,0.995,0.80532,0.45804,1.50978,0.17042,0.87055,0,0.000709809,0.000709809,0.000709809
60,2300.06,0.13246,0.15965,0.11275,0.78824,0,0.99838,0.99936,0.995,0.89628,0.99838,0.99936,0.995,0.80833,0.45569,1.61885,0.1739,0.8694,0,0.000693305,0.000693305,0.000693305
61,2337.63,0.12759,0.15445,0.10872,0.78945,0,0.9996,1,0.995,0.9002,0.9996,1,0.995,0.8085,0.45197,1.69009,0.17177,0.86667,0,0.000676802,0.000676802,0.000676802
62,2375.07,0.13047,0.15663,0.11024,0.78972,0,0.99996,1,0.995,0.89576,0.99996,1,0.995,0.80754,0.46264,1.64785,0.17193,0.8728,0,0.000660299,0.000660299,0.000660299
63,2412.4,0.12505,0.15095,0.10695,0.78838,0,0.99887,1,0.995,0.89431,0.99887,1,0.995,0.81062,0.46305,1.62866,0.17352,0.87333,0,0.000643795,0.000643795,0.000643795
64,2450,0.12559,0.15379,0.10825,0.78971,0,0.99952,0.99984,0.995,0.89773,0.99952,0.99984,0.995,0.80904,0.45947,1.65754,0.17143,0.87008,0,0.000627292,0.000627292,0.000627292
65,2487.33,0.12413,0.15407,0.10628,0.78821,0,0.99985,1,0.995,0.89994,0.99985,1,0.995,0.80909,0.45161,1.65395,0.16984,0.86474,0,0.000610789,0.000610789,0.000610789
66,2525.01,0.1203,0.14854,0.10435,0.78711,0,0.99645,0.99911,0.995,0.89672,0.99645,0.99911,0.995,0.80809,0.46009,1.59139,0.17721,0.87092,0,0.000594286,0.000594286,0.000594286
67,2562.91,0.12005,0.14654,0.10415,0.78761,0,0.99922,1,0.995,0.89453,0.99922,1,0.995,0.8092,0.46739,1.6342,0.17627,0.87193,0,0.000577782,0.000577782,0.000577782
68,2601.36,0.11995,0.14717,0.10229,0.78673,0,0.99969,0.99996,0.995,0.89871,0.99969,0.99996,0.995,0.81152,0.45271,1.66188,0.17088,0.86911,0,0.000561279,0.000561279,0.000561279
69,2639.02,0.11901,0.14414,0.10344,0.78701,0,0.98623,0.99758,0.99487,0.89945,0.98623,0.99758,0.99487,0.80666,0.45839,1.75357,0.18227,0.86813,0,0.000544776,0.000544776,0.000544776
70,2676.12,0.11866,0.14316,0.1024,0.787,0,0.9983,1,0.995,0.89947,0.9983,1,0.995,0.81208,0.4493,1.68813,0.1697,0.86626,0,0.000528272,0.000528272,0.000528272
71,2713.27,0.1177,0.14584,0.10172,0.78749,0,0.99983,1,0.995,0.89549,0.99983,1,0.995,0.80591,0.46776,1.61341,0.17168,0.87266,0,0.000511769,0.000511769,0.000511769
72,2751.06,0.11422,0.13952,0.09919,0.78834,0,0.99906,1,0.995,0.8955,0.99906,1,0.995,0.80326,0.46094,1.81622,0.17358,0.8751,0,0.000495266,0.000495266,0.000495266
73,2787.94,0.1124,0.13916,0.09833,0.78745,0,0.99839,1,0.995,0.90125,0.99839,1,0.995,0.81008,0.44682,1.68693,0.17061,0.86903,0,0.000478762,0.000478762,0.000478762
74,2824.96,0.11305,0.13656,0.09792,0.7864,0,0.99908,1,0.995,0.89697,0.99908,1,0.995,0.80773,0.4581,1.80281,0.17284,0.87501,0,0.000462259,0.000462259,0.000462259
75,2862.49,0.11284,0.13751,0.09889,0.78704,0,0.99973,0.99986,0.995,0.89958,0.99973,0.99986,0.995,0.80805,0.45942,1.65485,0.17135,0.87093,0,0.000445756,0.000445756,0.000445756
76,2899.78,0.10887,0.13381,0.09545,0.78656,0,0.99938,1,0.995,0.89849,0.99938,1,0.995,0.80704,0.46256,1.70758,0.1763,0.87328,0,0.000429253,0.000429253,0.000429253
77,2937.15,0.10883,0.13443,0.09544,0.78529,0,0.9987,1,0.995,0.89672,0.9987,1,0.995,0.80596,0.46236,1.77924,0.17641,0.8738,0,0.000412749,0.000412749,0.000412749
78,2974.09,0.10754,0.13327,0.09439,0.78586,0,0.99989,1,0.995,0.89464,0.99989,1,0.995,0.80291,0.46545,1.82021,0.16952,0.87436,0,0.000396246,0.000396246,0.000396246
79,3010.94,0.10564,0.12927,0.09285,0.78446,0,0.99637,1,0.995,0.89331,0.99637,1,0.995,0.80421,0.46834,1.79485,0.17962,0.87564,0,0.000379743,0.000379743,0.000379743
80,3048.3,0.10585,0.12872,0.09367,0.78659,0,0.99988,1,0.995,0.89784,0.99988,1,0.995,0.80496,0.45719,1.80269,0.17321,0.87311,0,0.000363239,0.000363239,0.000363239
81,3085.64,0.10514,0.12739,0.09431,0.78578,0,0.99985,1,0.995,0.89509,0.99985,1,0.995,0.80414,0.4653,1.75796,0.17212,0.87349,0,0.000346736,0.000346736,0.000346736
82,3123.36,0.10141,0.12522,0.09102,0.78595,0,0.99997,1,0.995,0.89465,0.99997,1,0.995,0.80567,0.46457,1.87494,0.17309,0.87521,0,0.000330233,0.000330233,0.000330233
83,3160.58,0.10071,0.12559,0.08829,0.78581,0,0.99995,1,0.995,0.89961,0.99995,1,0.995,0.804,0.45119,1.91231,0.16702,0.87141,0,0.000313729,0.000313729,0.000313729
84,3198.43,0.10206,0.1287,0.08947,0.78718,0,0.99997,1,0.995,0.89523,0.99997,1,0.995,0.80622,0.46367,1.88825,0.16871,0.87554,0,0.000297226,0.000297226,0.000297226
85,3236.29,0.09787,0.12102,0.08614,0.78479,0,0.99989,1,0.995,0.89598,0.99989,1,0.995,0.80395,0.46401,1.92867,0.16877,0.87772,0,0.000280723,0.000280723,0.000280723
86,3274.42,0.09858,0.12319,0.08769,0.78665,0,0.99996,1,0.995,0.89807,0.99996,1,0.995,0.80285,0.45687,1.97874,0.16655,0.8757,0,0.00026422,0.00026422,0.00026422
87,3311.56,0.09714,0.12127,0.08589,0.78739,0,0.99997,1,0.995,0.89779,0.99997,1,0.995,0.80631,0.45533,1.93405,0.16786,0.8751,0,0.000247716,0.000247716,0.000247716
88,3348.69,0.0966,0.12141,0.08584,0.78685,0,0.99988,1,0.995,0.89481,0.99988,1,0.995,0.80146,0.46347,1.93702,0.16897,0.8789,0,0.000231213,0.000231213,0.000231213
89,3385.63,0.09599,0.12078,0.08607,0.78599,0,0.99996,1,0.995,0.89666,0.99996,1,0.995,0.8012,0.46512,1.94705,0.16946,0.87896,0,0.00021471,0.00021471,0.00021471
90,3422.37,0.09164,0.11639,0.08295,0.78366,0,0.99997,1,0.995,0.89658,0.99997,1,0.995,0.80391,0.46144,2.00002,0.17004,0.87768,0,0.000198206,0.000198206,0.000198206
91,3455.02,0.07033,0.09094,0.0655,0.75782,0,0.99995,1,0.995,0.89766,0.99995,1,0.995,0.80474,0.46291,2.00582,0.168,0.88031,0,0.000181703,0.000181703,0.000181703
92,3487.15,0.06341,0.08048,0.06162,0.75798,0,0.99997,1,0.995,0.89546,0.99997,1,0.995,0.80397,0.47033,2.28891,0.17435,0.88288,0,0.0001652,0.0001652,0.0001652
93,3518.52,0.06254,0.0808,0.06237,0.75649,0,0.99997,1,0.995,0.89151,0.99997,1,0.995,0.80138,0.4785,2.29373,0.17369,0.88498,0,0.000148696,0.000148696,0.000148696
94,3549.92,0.06091,0.0782,0.06033,0.75542,0,0.99997,1,0.995,0.89316,0.99997,1,0.995,0.80165,0.47656,2.35602,0.17677,0.88487,0,0.000132193,0.000132193,0.000132193
95,3581.63,0.05925,0.07689,0.05904,0.7538,0,0.99995,1,0.995,0.89415,0.99995,1,0.995,0.80175,0.46988,2.29893,0.17303,0.88182,0,0.00011569,0.00011569,0.00011569
96,3612.93,0.05722,0.07365,0.05641,0.75568,0,0.99997,1,0.995,0.89043,0.99997,1,0.995,0.80001,0.47809,2.40118,0.17662,0.88853,0,9.91865e-05,9.91865e-05,9.91865e-05
97,3644.61,0.0561,0.07418,0.05562,0.75668,0,0.99996,1,0.995,0.89365,0.99996,1,0.995,0.8007,0.47203,2.46274,0.17423,0.88458,0,8.26832e-05,8.26832e-05,8.26832e-05
98,3675.95,0.05377,0.07142,0.05352,0.75621,0,0.99997,1,0.995,0.89465,0.99997,1,0.995,0.80281,0.47087,2.50487,0.17278,0.88286,0,6.61799e-05,6.61799e-05,6.61799e-05
99,3707.25,0.05238,0.07145,0.05193,0.75616,0,0.99994,1,0.995,0.89558,0.99994,1,0.995,0.80234,0.47296,2.51325,0.17492,0.88326,0,4.96766e-05,4.96766e-05,4.96766e-05
100,3738.79,0.05038,0.06986,0.05124,0.75689,0,0.9999,1,0.995,0.89625,0.9999,1,0.995,0.80215,0.47155,2.52077,0.17685,0.88286,0,3.31733e-05,3.31733e-05,3.31733e-05
